{"DefaultTint":{"r":0.6000000238418579,"g":0.6000000238418579,"b":0.699999988079071,"a":0.699999988079071},"FoldersData":{"Keys":["d8e2af8161714dd8599b0d9d09d98bb6","09364e260b4e0732aa33ff79e499b233","0272dbd3a48a81f968c35526de3a5656"],"Values":[{"_guid":"d8e2af8161714dd8599b0d9d09d98bb6","_color":{"r":0.36846035718917849,"g":0.24000000953674317,"b":0.800000011920929,"a":0.699999988079071},"_recursive":true},{"_guid":"09364e260b4e0732aa33ff79e499b233","_color":{"r":0.690390944480896,"g":0.800000011920929,"b":0.24000000953674317,"a":0.699999988079071},"_recursive":true},{"_guid":"0272dbd3a48a81f968c35526de3a5656","_color":{"r":0.791969895362854,"g":0.24000000953674317,"b":0.800000011920929,"a":0.699999988079071},"_recursive":true}]}}